<PAMDataset>
  <SRS dataAxisToSRSAxisMapping="1,2">PROJCS["WGS 84 / UTM zone 32N",GEOGCS["WGS 84",DATUM["WGS_1984",SPHEROID["WGS 84",6378137,298.257223563]],PRIMEM["Greenwich",0],UNIT["degree",0.0174532925199433,AUTHORITY["EPSG","9122"]],AUTHORITY["EPSG","4326"]],PROJECTION["Transverse_Mercator"],PARAMETER["latitude_of_origin",0],PARAMETER["central_meridian",9],PARAMETER["scale_factor",0.9996],PARAMETER["false_easting",500000],PARAMETER["false_northing",0],UNIT["metre",1],AXIS["Easting",EAST],AXIS["Northing",NORTH],AUTHORITY["EPSG","32632"]]</SRS>
  <GeoTransform>  5.3544049786261050e+05,  5.6000000000024390e-04,  0.0000000000000000e+00,  5.8891164723893758e+06,  0.0000000000000000e+00, -5.6000000000024390e-04</GeoTransform>
  <Metadata domain="IMAGE_STRUCTURE">
    <MDI key="INTERLEAVE">PIXEL</MDI>
  </Metadata>
  <PAMRasterBand band="1">
    <Description>spat_34ec6e7e53e0_13548_1</Description>
    <NoDataValue le_hex_equiv="000000000000F87F">nan</NoDataValue>
    <Metadata>
      <MDI key="STATISTICS_MAXIMUM">300</MDI>
      <MDI key="STATISTICS_MEAN">-9999</MDI>
      <MDI key="STATISTICS_MINIMUM">0</MDI>
      <MDI key="STATISTICS_STDDEV">-9999</MDI>
    </Metadata>
  </PAMRasterBand>
  <PAMRasterBand band="2">
    <Description>spat_34ec6e7e53e0_13548_2</Description>
    <NoDataValue le_hex_equiv="000000000000F87F">nan</NoDataValue>
    <Metadata>
      <MDI key="STATISTICS_MAXIMUM">25</MDI>
      <MDI key="STATISTICS_MEAN">-9999</MDI>
      <MDI key="STATISTICS_MINIMUM">0</MDI>
      <MDI key="STATISTICS_STDDEV">-9999</MDI>
    </Metadata>
  </PAMRasterBand>
</PAMDataset>
